CustomerID,Churn_Probability
CUST-6252,0.1
CUST-4684,0.02
CUST-1731,0.56
CUST-4742,0.02
CUST-4521,0.67
CUST-6340,0.02
CUST-10523,0.3
CUST-5202,0.08
CUST-6363,0.51
CUST-10399,0.66
CUST-2750,0.65
CUST-7487,0.06
CUST-5272,0.35
CUST-5653,0.15
CUST-3999,0.0
CUST-6033,0.35
CUST-10529,0.04
CUST-9930,0.31
CUST-7051,0.61
CUST-8158,0.48
CUST-9896,0.18
CUST-2249,0.13
CUST-4640,0.39
CUST-9485,0.03
CUST-4947,0.17
CUST-9920,0.1
CUST-1963,0.07
CUST-8243,0.85
CUST-6590,0.32
CUST-8847,0.6
CUST-10291,0.55
CUST-2678,0.16
CUST-4625,0.42
CUST-4949,0.51
CUST-8328,0.67
CUST-3337,0.89
CUST-5589,0.73
CUST-10228,0.07
CUST-3973,0.02
CUST-6630,0.23
CUST-5547,0.28
CUST-10031,0.47
CUST-8362,0.14
CUST-1513,0.92
CUST-9317,0.21
CUST-10035,0.41
CUST-4819,0.46
CUST-3465,0.65
CUST-1760,0.49
CUST-2304,0.02
CUST-3723,0.27
CUST-8284,0.54
CUST-4993,0.78
CUST-8127,0.03
CUST-3032,0.53
CUST-7938,0.24
CUST-3039,0.47
CUST-9655,0.77
CUST-2545,0.05
CUST-2592,0.18
CUST-1188,0.47
CUST-7966,0.66
CUST-6077,0.05
CUST-10097,0.27
CUST-1315,0.7
CUST-8187,0.17
CUST-2753,0.45
CUST-9753,0.06
CUST-6231,0.71
CUST-2876,0.11
CUST-5323,0.57
CUST-10726,0.65
CUST-3570,0.18
CUST-2894,0.24
CUST-2927,0.17
CUST-8178,0.04
CUST-10882,0.3
CUST-6687,0.41
CUST-8575,0.26
CUST-2020,0.43
CUST-9054,0.26
CUST-10865,0.39
CUST-5359,0.07
CUST-3857,0.57
CUST-5861,0.12
CUST-3145,0.94
CUST-3305,0.14
CUST-3006,0.41
CUST-9001,0.3
CUST-7770,0.43
CUST-7438,0.16
CUST-7942,0.41
CUST-9238,0.41
CUST-1096,0.26
CUST-3154,0.51
CUST-3787,0.28
CUST-9189,0.15
CUST-7825,0.29
CUST-7539,0.12
CUST-7231,0.85
CUST-10694,0.32
CUST-5019,0.16
CUST-4903,0.29
CUST-8093,0.66
CUST-6843,0.27
CUST-2165,0.42
CUST-1862,0.76
CUST-7850,0.08
CUST-9123,0.02
CUST-2340,0.53
CUST-5527,0.52
CUST-6743,0.69
CUST-4003,0.08
CUST-1123,0.06
CUST-8709,0.45
CUST-4049,0.61
CUST-7640,0.57
CUST-10695,0.31
CUST-2344,0.02
CUST-4071,0.79
CUST-7216,0.41
CUST-4216,0.2
CUST-7952,0.16
CUST-5970,0.29
CUST-3350,0.16
CUST-4695,0.52
CUST-3399,0.89
CUST-4081,0.48
CUST-9149,0.55
CUST-1224,0.05
CUST-6292,0.61
CUST-3122,0.88
CUST-10463,0.26
CUST-5794,0.08
CUST-8181,0.23
CUST-9417,0.66
CUST-10087,0.35
CUST-6681,0.29
CUST-1512,0.21
CUST-8791,0.01
CUST-10108,0.37
CUST-7791,0.68
CUST-6517,0.02
CUST-1003,0.75
CUST-7887,0.18
CUST-6830,0.78
CUST-5421,0.86
CUST-10970,0.61
CUST-1347,0.18
CUST-4747,0.04
CUST-6005,0.28
CUST-6039,0.06
CUST-3817,0.52
CUST-8446,0.09
CUST-5269,0.43
CUST-6897,0.61
CUST-5309,0.45
CUST-10028,0.45
CUST-5674,0.67
CUST-4386,0.81
CUST-10026,0.13
CUST-4202,0.59
CUST-7507,0.65
CUST-10668,0.15
CUST-2067,0.25
CUST-10096,0.01
CUST-9644,0.65
CUST-8894,0.39
CUST-8020,0.47
CUST-2232,0.06
CUST-10902,0.7
CUST-9412,0.39
CUST-7058,0.38
CUST-6789,0.19
CUST-10327,0.43
CUST-10276,0.39
CUST-2627,0.75
CUST-8965,0.22
CUST-4513,0.61
CUST-5910,0.32
CUST-8313,0.22
CUST-3100,0.72
CUST-5703,0.02
CUST-3898,0.15
CUST-5440,0.32
CUST-7930,0.41
CUST-10564,0.7
CUST-7235,0.96
CUST-2498,0.57
CUST-10648,0.21
CUST-8403,0.47
CUST-2855,0.83
CUST-4269,0.34
CUST-2908,0.06
CUST-8080,0.36
CUST-4516,0.31
CUST-1261,0.38
CUST-3160,0.84
CUST-10881,0.63
CUST-3912,0.83
CUST-5198,0.32
CUST-8846,0.39
CUST-10235,0.52
CUST-3790,0.56
CUST-9202,0.28
CUST-10442,0.12
CUST-7907,0.65
CUST-10470,0.32
CUST-8342,0.46
CUST-10282,0.74
CUST-3231,0.15
CUST-7932,0.42
CUST-7457,0.12
CUST-9783,0.09
CUST-5183,0.27
CUST-8076,0.46
CUST-6501,0.05
CUST-6790,0.59
CUST-7772,0.68
CUST-2737,0.96
CUST-7841,0.37
CUST-6261,0.68
CUST-8205,0.92
CUST-1247,0.15
CUST-9335,0.46
CUST-4194,0.15
CUST-8000,0.04
CUST-7377,0.17
CUST-3434,0.03
CUST-5381,0.38
CUST-10870,0.02
CUST-10378,0.02
CUST-5741,0.33
CUST-6727,0.06
CUST-4381,0.3
CUST-5196,0.52
CUST-1112,0.18
CUST-2688,0.08
CUST-6472,0.5
CUST-8819,0.18
CUST-7807,0.6
CUST-3410,0.02
CUST-10072,0.46
CUST-4613,0.16
CUST-1373,0.73
CUST-1509,0.05
CUST-6442,0.16
CUST-3070,0.4
CUST-3015,0.01
CUST-4822,0.68
CUST-7821,0.18
CUST-10083,0.21
CUST-9420,0.48
CUST-6599,0.33
CUST-4442,0.04
CUST-7601,0.81
CUST-3834,0.04
CUST-9701,0.33
CUST-4321,0.17
CUST-3393,0.04
CUST-4751,0.48
CUST-7228,0.0
CUST-9190,0.16
CUST-2360,0.54
CUST-1147,0.37
CUST-5665,0.15
CUST-8074,0.15
CUST-4942,0.27
CUST-3662,0.02
CUST-1562,0.87
CUST-4112,0.97
CUST-9049,0.58
CUST-9275,0.31
CUST-8537,0.33
CUST-10721,0.8
CUST-5853,0.49
CUST-7618,0.1
CUST-1593,0.42
CUST-7417,0.58
CUST-5266,0.52
CUST-7146,0.67
CUST-1008,0.13
CUST-8694,0.11
CUST-9731,0.17
CUST-9445,0.1
CUST-6753,0.22
CUST-3501,0.32
CUST-2233,0.61
CUST-2802,0.42
CUST-4423,0.55
CUST-5662,0.7
CUST-7169,0.25
CUST-8336,0.24
CUST-2147,0.66
CUST-7968,0.02
CUST-6550,0.1
CUST-7642,0.07
CUST-6163,0.21
CUST-1494,0.7
CUST-7695,0.22
CUST-7093,0.07
CUST-1408,0.41
CUST-6690,0.63
CUST-3400,0.51
CUST-10098,0.32
CUST-5635,0.29
CUST-8481,0.68
CUST-6603,0.04
CUST-10990,0.43
CUST-5559,0.1
CUST-9411,0.24
CUST-8142,0.63
CUST-8663,0.16
CUST-6595,0.54
CUST-10566,0.22
CUST-6870,0.38
CUST-4813,0.79
CUST-6552,0.11
CUST-7529,0.24
CUST-5795,0.04
CUST-7436,0.47
CUST-4217,0.22
CUST-5940,0.38
CUST-8500,0.46
CUST-6428,0.7
CUST-6826,0.23
CUST-4130,0.5
CUST-7801,0.15
CUST-7753,0.66
CUST-4721,0.38
CUST-1650,0.23
CUST-4140,0.09
CUST-1617,0.62
CUST-2029,0.25
CUST-8517,0.92
CUST-4575,0.18
CUST-3992,0.07
CUST-7376,0.18
CUST-6149,0.06
CUST-4908,0.05
CUST-5026,0.06
CUST-8260,0.04
CUST-4731,0.39
CUST-7548,0.62
CUST-8134,0.08
CUST-1606,0.22
CUST-4773,0.21
CUST-8109,0.02
CUST-6951,0.84
CUST-6004,0.3
CUST-7728,0.45
CUST-3541,0.03
CUST-10352,0.37
CUST-1794,0.66
CUST-8731,0.58
CUST-4919,0.53
CUST-5537,0.32
CUST-3872,0.7
CUST-8868,0.5
CUST-2254,0.85
CUST-3412,0.55
CUST-5459,0.39
CUST-4955,0.86
CUST-7396,0.13
CUST-5414,0.08
CUST-7399,0.24
CUST-7414,0.04
CUST-9100,0.26
CUST-4851,0.27
CUST-2025,0.28
CUST-2615,0.05
CUST-7388,0.44
CUST-2926,0.05
CUST-1121,0.78
CUST-2910,0.53
CUST-8146,0.19
CUST-7383,0.13
CUST-3482,0.14
CUST-10722,0.36
CUST-1575,0.75
CUST-6176,0.26
CUST-6266,0.45
CUST-2458,0.5
CUST-3312,0.51
CUST-1253,0.23
CUST-6834,0.0
CUST-8794,0.28
CUST-3837,0.09
CUST-4398,0.22
CUST-3595,0.27
CUST-6621,0.08
CUST-8382,0.1
CUST-2124,0.59
CUST-3238,0.37
CUST-5403,0.17
CUST-5998,0.52
CUST-5938,0.05
CUST-2045,0.57
CUST-1578,0.92
CUST-10012,0.51
CUST-2673,0.62
CUST-7016,0.87
CUST-8720,0.63
CUST-8849,0.44
CUST-4812,0.3
CUST-10985,0.03
CUST-4983,0.88
CUST-7155,0.04
CUST-2884,0.06
CUST-10302,0.63
CUST-7204,0.31
CUST-4367,0.14
CUST-3079,0.38
CUST-7203,0.47
CUST-9909,0.59
CUST-8864,0.1
CUST-10239,0.07
CUST-4337,0.73
CUST-8895,0.67
CUST-8447,0.51
CUST-5903,0.15
CUST-1498,0.02
CUST-4190,0.55
CUST-7485,0.05
CUST-9643,0.04
CUST-8310,0.32
CUST-7590,0.15
CUST-10454,0.53
CUST-9155,0.68
CUST-9414,0.13
CUST-3095,0.3
CUST-4631,0.29
CUST-10333,0.74
CUST-4058,0.11
CUST-8174,0.57
CUST-4630,0.75
CUST-6070,0.18
CUST-2664,0.12
CUST-10932,0.66
CUST-5908,0.03
CUST-5050,0.53
CUST-6328,0.04
CUST-9733,0.24
CUST-1691,0.6
CUST-10611,0.13
CUST-5572,0.2
CUST-5766,0.05
CUST-5156,0.11
CUST-10666,0.38
CUST-3526,0.47
CUST-10516,0.68
CUST-9187,0.39
CUST-2922,0.46
CUST-7911,0.12
CUST-1558,0.05
CUST-10091,0.08
CUST-3007,0.62
CUST-7201,0.08
CUST-10275,0.19
CUST-10069,0.14
CUST-6754,0.1
CUST-8629,0.26
CUST-1208,0.33
CUST-7742,0.48
CUST-8214,0.69
CUST-8944,0.03
CUST-8413,0.43
CUST-1775,0.1
CUST-3473,0.73
CUST-10439,0.68
CUST-2189,0.83
CUST-10314,0.41
CUST-5481,0.4
CUST-8361,0.74
CUST-1472,0.47
CUST-5100,0.5
CUST-6765,0.95
CUST-8706,0.38
CUST-4929,0.52
CUST-6329,0.19
CUST-2609,0.15
CUST-10002,0.8
CUST-2213,0.65
CUST-4827,0.03
CUST-10778,0.12
CUST-6977,0.07
CUST-5885,0.76
CUST-10567,0.15
CUST-10263,0.19
CUST-2018,0.23
CUST-10607,0.89
CUST-8921,0.04
CUST-8264,0.6
CUST-9696,0.3
CUST-1631,0.02
CUST-5170,0.54
CUST-7205,0.77
CUST-2522,0.85
CUST-2215,0.19
CUST-6968,0.94
CUST-6496,0.23
CUST-6213,0.52
CUST-7032,0.26
CUST-7420,0.55
CUST-1107,0.93
CUST-10409,0.92
CUST-6289,0.66
CUST-9966,0.39
CUST-10122,0.21
CUST-1785,0.0
CUST-3404,0.17
CUST-2906,0.45
CUST-8304,0.14
CUST-7492,0.15
CUST-6100,0.26
CUST-4504,0.15
CUST-5053,0.53
CUST-5205,0.48
CUST-4080,0.37
CUST-6918,0.37
CUST-6802,0.89
CUST-5206,0.33
CUST-10483,0.0
CUST-4830,0.75
CUST-4038,0.01
CUST-4084,0.17
CUST-3204,0.17
CUST-7110,0.74
CUST-1030,0.72
CUST-4957,0.93
CUST-3033,0.69
CUST-7684,0.84
CUST-1597,0.87
CUST-9919,0.14
CUST-3597,0.16
CUST-9038,0.02
CUST-8001,0.07
CUST-10536,0.21
CUST-10588,0.08
CUST-9102,0.73
CUST-8015,0.51
CUST-3771,0.38
CUST-9039,0.93
CUST-5082,0.51
CUST-7882,0.1
CUST-9362,0.31
CUST-4210,0.56
CUST-8834,0.94
CUST-8699,0.5
CUST-1795,0.21
CUST-2586,0.15
CUST-8355,0.49
CUST-2316,0.69
CUST-4185,0.1
CUST-8827,0.58
CUST-7072,0.65
CUST-5234,0.68
CUST-8743,0.12
CUST-8670,0.76
CUST-4768,0.05
CUST-9972,0.47
CUST-7144,0.62
CUST-2913,0.91
CUST-9871,0.02
CUST-9893,0.38
CUST-2075,0.2
CUST-4302,0.11
CUST-5822,0.53
CUST-2149,0.46
CUST-10130,0.91
CUST-4963,0.6
CUST-8159,0.7
CUST-9030,0.77
CUST-4775,0.19
CUST-8933,0.13
CUST-7749,0.05
CUST-9828,0.06
CUST-9214,0.02
CUST-6060,0.18
CUST-9475,0.2
CUST-6409,1.0
CUST-3317,0.09
CUST-7464,0.06
CUST-3061,0.49
CUST-1355,0.89
CUST-4514,0.17
CUST-5505,0.15
CUST-5250,0.71
CUST-4511,0.14
CUST-1730,0.04
CUST-1758,0.17
CUST-6650,0.61
CUST-6646,0.07
CUST-9860,0.35
CUST-4139,0.42
CUST-9393,0.72
CUST-5123,0.34
CUST-1000,0.43
CUST-1864,0.57
CUST-10493,0.57
CUST-10317,0.18
CUST-6906,0.4
CUST-9765,0.18
CUST-2523,0.07
CUST-3464,0.04
CUST-10415,0.22
CUST-3023,0.18
CUST-7261,0.01
CUST-9515,0.56
CUST-7872,0.4
CUST-6625,0.05
CUST-2534,0.65
CUST-10119,0.29
CUST-3704,0.47
CUST-1372,0.71
CUST-6200,0.59
CUST-4856,0.32
CUST-4712,0.54
CUST-5544,0.23
CUST-1413,0.51
CUST-4113,0.07
CUST-10595,0.61
CUST-8137,0.62
CUST-4098,0.52
CUST-10538,0.59
CUST-8708,0.05
CUST-3123,0.07
CUST-3047,0.03
CUST-3887,0.54
CUST-5735,0.02
CUST-2184,0.28
CUST-2145,0.47
CUST-7047,0.92
CUST-3105,0.04
CUST-9233,0.19
CUST-9096,0.22
CUST-2769,0.08
CUST-5221,0.46
CUST-5833,0.56
CUST-1732,0.43
CUST-10240,0.91
CUST-5144,0.04
CUST-8267,0.06
CUST-3937,0.56
CUST-10691,0.28
CUST-7220,0.15
CUST-8439,0.58
CUST-3257,0.73
CUST-4338,0.36
CUST-4362,0.3
CUST-10287,0.54
CUST-8069,0.07
CUST-1851,0.83
CUST-2484,0.47
CUST-9873,0.04
CUST-9574,0.36
CUST-1098,0.1
CUST-8358,0.82
CUST-7333,0.17
CUST-10973,0.71
CUST-10093,0.58
CUST-5748,0.43
CUST-1418,0.16
CUST-1658,0.08
CUST-5284,0.36
CUST-1149,0.54
CUST-7150,0.21
CUST-1568,0.87
CUST-10988,0.16
CUST-6085,0.79
CUST-8674,0.04
CUST-8341,0.28
CUST-7811,0.25
CUST-6084,0.66
CUST-8773,0.02
CUST-8757,0.21
CUST-1692,0.46
CUST-4734,0.3
CUST-3387,0.46
CUST-3646,0.26
CUST-1683,0.55
CUST-10007,0.56
CUST-6062,0.01
CUST-6516,0.04
CUST-4123,0.14
CUST-8729,0.01
CUST-6045,0.6
CUST-10515,0.12
CUST-9161,0.11
CUST-1803,0.6
CUST-8501,0.15
CUST-4900,0.71
CUST-1599,0.49
CUST-7931,0.27
CUST-9547,0.53
CUST-2823,0.54
CUST-5467,0.02
CUST-3529,0.87
CUST-8683,0.67
CUST-1155,0.38
CUST-6547,0.44
CUST-9088,0.56
CUST-7620,0.49
CUST-8296,0.24
CUST-4540,0.04
CUST-9134,0.25
CUST-6482,0.72
CUST-5826,0.07
CUST-1190,0.67
CUST-7444,0.62
CUST-8520,0.1
CUST-10872,0.61
CUST-7454,0.74
CUST-10032,0.41
CUST-7516,0.11
CUST-7644,0.24
CUST-4438,0.09
CUST-6161,0.37
CUST-7744,0.31
CUST-9587,0.38
CUST-8119,0.04
CUST-6967,0.56
CUST-5718,0.72
CUST-10524,0.7
CUST-9833,0.35
CUST-4102,0.63
CUST-7646,0.38
CUST-4151,0.26
CUST-3130,0.6
CUST-4890,0.07
CUST-9975,0.39
CUST-7471,0.73
CUST-1833,0.27
CUST-9148,0.33
CUST-4891,0.07
CUST-2287,0.23
CUST-1330,0.7
CUST-2771,0.71
CUST-3686,0.51
CUST-8283,0.07
CUST-5928,0.17
CUST-10579,0.89
CUST-10042,0.57
CUST-2602,0.69
CUST-1965,0.59
CUST-2168,0.19
CUST-5049,0.42
CUST-3334,0.1
CUST-3019,0.58
CUST-8764,0.26
CUST-9176,0.09
CUST-1360,0.52
CUST-5798,0.03
CUST-9400,0.06
CUST-3251,0.49
CUST-6300,0.15
CUST-2251,0.4
CUST-6027,0.57
CUST-1175,0.52
CUST-8799,0.39
CUST-3279,0.26
CUST-2973,0.33
CUST-3396,0.34
CUST-6939,0.67
CUST-10877,0.41
CUST-8574,0.35
CUST-10674,0.91
CUST-7514,0.36
CUST-3314,0.55
CUST-4898,0.45
CUST-9340,0.76
CUST-4672,0.93
CUST-8618,0.39
CUST-1217,0.38
CUST-4397,0.62
CUST-6080,0.32
CUST-2614,0.44
CUST-2620,0.1
CUST-8714,0.6
CUST-7282,0.29
CUST-3379,0.3
CUST-7301,0.08
CUST-9857,0.34
CUST-5605,0.28
CUST-9813,0.39
CUST-5786,0.4
CUST-8518,0.47
CUST-6850,0.85
CUST-1516,0.09
CUST-5098,0.69
CUST-7636,0.08
CUST-9085,0.45
CUST-8023,0.07
CUST-2392,0.45
CUST-10532,0.7
CUST-3519,0.76
CUST-7653,0.76
CUST-8946,0.51
CUST-10772,0.51
CUST-10304,0.18
CUST-6634,0.46
CUST-8972,0.44
CUST-7493,0.35
CUST-2868,0.44
CUST-4872,0.14
CUST-3550,0.07
CUST-3842,0.89
CUST-7262,0.43
CUST-5824,0.54
CUST-10020,0.37
CUST-1453,0.17
CUST-1684,0.4
CUST-2310,0.16
CUST-9063,0.71
CUST-9406,0.08
CUST-10346,0.11
CUST-5814,0.5
CUST-5550,0.22
CUST-9308,0.47
CUST-1618,0.57
CUST-10717,0.87
CUST-5983,0.04
CUST-8672,0.06
CUST-4475,0.59
CUST-5606,0.51
CUST-9312,0.05
CUST-5648,0.4
CUST-6216,0.62
CUST-2286,0.22
CUST-9993,0.11
CUST-7578,0.48
CUST-1183,0.41
CUST-6001,0.48
CUST-5090,0.42
CUST-2516,0.24
CUST-4122,0.42
CUST-5521,0.05
CUST-5627,0.24
CUST-8360,0.35
CUST-5872,0.38
CUST-8612,0.72
CUST-7727,0.73
CUST-5968,0.34
CUST-1180,0.15
CUST-8762,0.13
CUST-8235,0.13
CUST-2818,0.08
CUST-9964,0.63
CUST-8703,0.08
CUST-6608,0.37
CUST-2820,0.51
CUST-7535,0.27
CUST-2260,0.49
CUST-2239,0.45
CUST-6021,0.19
CUST-10710,0.9
CUST-10847,0.38
CUST-6202,0.22
CUST-2412,0.56
CUST-6997,0.08
CUST-9115,0.43
CUST-1156,0.58
CUST-8107,0.04
CUST-5805,0.52
CUST-4879,0.02
CUST-3309,0.04
CUST-8961,0.04
CUST-1702,0.1
CUST-2492,0.1
CUST-3706,0.11
CUST-8276,0.46
CUST-1026,0.04
CUST-1608,0.58
CUST-6631,0.04
CUST-8278,0.32
CUST-7315,0.45
CUST-2252,0.24
CUST-7415,0.71
CUST-8365,0.38
CUST-1891,0.21
CUST-5062,0.23
CUST-6120,0.08
CUST-10511,0.84
CUST-10264,0.93
CUST-4716,0.72
CUST-7708,0.29
CUST-6349,0.16
CUST-10153,0.02
CUST-10242,0.74
CUST-4638,0.31
CUST-7077,0.16
CUST-3355,0.15
CUST-8279,0.28
CUST-10286,0.11
CUST-6728,0.33
CUST-9495,0.16
CUST-4067,0.4
CUST-10222,0.32
CUST-10229,0.34
CUST-1111,0.12
CUST-4801,0.06
CUST-1713,0.41
CUST-10045,0.69
CUST-1835,0.58
CUST-7896,0.28
CUST-3383,0.57
CUST-6410,0.93
CUST-4313,0.61
CUST-10792,0.82
CUST-1254,0.15
CUST-8881,0.73
CUST-5851,0.14
CUST-5702,0.28
CUST-8103,0.33
CUST-2098,0.62
CUST-5128,0.47
CUST-10225,0.66
CUST-6561,0.45
CUST-1339,0.62
CUST-7017,0.51
CUST-2110,0.21
CUST-1569,0.36
CUST-1726,0.31
CUST-8384,0.21
CUST-6940,0.48
CUST-4395,0.18
CUST-2420,0.3
CUST-3045,0.1
CUST-5503,0.49
CUST-3703,0.58
CUST-8191,0.25
CUST-5331,0.48
CUST-9808,0.45
CUST-10406,0.47
CUST-7894,0.14
CUST-8728,0.04
CUST-7828,0.3
CUST-1768,0.07
CUST-6808,1.0
CUST-4704,0.09
CUST-3869,0.2
CUST-1655,0.72
CUST-3187,0.55
CUST-10620,0.39
CUST-4170,0.41
CUST-4477,0.98
CUST-10419,0.42
CUST-5764,0.03
CUST-7522,0.56
CUST-4502,0.64
CUST-9709,0.43
CUST-10289,0.65
CUST-1145,0.67
CUST-5094,0.19
CUST-1393,0.47
CUST-6623,0.26
CUST-1501,0.27
CUST-6408,0.86
CUST-10341,0.02
CUST-10372,0.03
CUST-1660,0.73
CUST-3151,0.94
CUST-1623,0.67
CUST-5609,0.15
CUST-8532,0.78
CUST-5802,0.78
CUST-5306,0.48
CUST-7086,0.59
CUST-8897,0.51
CUST-7488,0.66
CUST-9615,0.13
CUST-9217,0.77
CUST-1672,0.1
CUST-2358,0.57
CUST-8467,0.18
CUST-10249,0.34
CUST-2473,0.03
CUST-5489,0.76
CUST-4771,0.15
CUST-2107,0.5
CUST-7500,0.04
CUST-4414,0.19
CUST-8138,0.57
CUST-8660,0.45
CUST-8239,0.24
CUST-2417,0.7
CUST-8771,0.56
CUST-2236,0.63
CUST-3767,0.05
CUST-9791,0.42
CUST-9989,0.06
CUST-9965,0.79
CUST-7323,0.15
CUST-1383,0.1
CUST-3101,0.81
CUST-3921,0.09
CUST-6685,0.56
CUST-3194,0.48
CUST-1941,0.78
CUST-7713,0.47
CUST-4896,0.08
CUST-4782,0.59
CUST-1496,0.38
CUST-1957,0.29
CUST-9171,0.69
CUST-9745,0.0
CUST-7332,0.11
CUST-7949,0.58
CUST-3017,0.34
CUST-6746,0.13
CUST-10466,0.03
CUST-3934,0.14
CUST-3025,0.22
CUST-1199,0.44
CUST-5028,0.07
CUST-9784,0.67
CUST-10837,0.03
CUST-4649,0.62
CUST-5332,0.59
CUST-10978,0.06
CUST-6768,0.39
CUST-9410,0.04
CUST-1671,0.12
CUST-10430,0.06
CUST-9186,0.7
CUST-8839,0.05
CUST-5758,0.48
CUST-6297,0.17
CUST-2478,0.7
CUST-5493,0.15
CUST-3914,0.0
CUST-2138,0.74
CUST-5454,0.49
CUST-5379,0.28
CUST-8985,0.51
CUST-4023,0.52
CUST-3485,0.54
CUST-2455,0.11
CUST-2464,0.04
CUST-8696,0.67
CUST-1369,0.33
CUST-6688,0.16
CUST-7456,0.05
CUST-9974,0.59
CUST-1901,0.73
CUST-4871,0.45
CUST-4710,0.32
CUST-7886,0.04
CUST-1793,0.64
CUST-2874,0.68
CUST-6217,0.8
CUST-5213,0.26
CUST-2245,0.04
CUST-1741,0.29
CUST-10927,0.11
CUST-10640,0.2
CUST-4294,0.05
CUST-5576,0.51
CUST-7166,0.04
CUST-8177,0.18
CUST-10825,0.54
CUST-5193,0.21
CUST-3077,0.26
CUST-9366,0.75
CUST-1054,0.73
CUST-5304,0.58
CUST-1040,0.38
CUST-7606,0.72
CUST-4092,0.27
CUST-6134,0.41
CUST-10009,0.54
CUST-3776,0.57
CUST-8999,0.94
CUST-3708,0.07
CUST-3780,0.73
CUST-10084,0.67
CUST-9239,0.28
CUST-3949,0.88
CUST-5785,0.96
CUST-4870,0.01
CUST-4802,0.54
CUST-4867,0.85
CUST-10265,0.19
CUST-7888,0.74
CUST-7405,0.47
CUST-5595,0.46
CUST-2886,0.24
CUST-6454,0.15
CUST-2542,0.24
CUST-1765,0.33
CUST-6800,0.26
CUST-1877,0.52
CUST-1981,0.58
CUST-9729,0.21
CUST-9608,0.13
CUST-2685,0.21
CUST-8930,0.26
CUST-3458,0.12
CUST-4541,0.45
CUST-2178,0.06
CUST-4450,0.43
CUST-3859,0.23
CUST-7623,0.38
CUST-7654,0.45
CUST-4519,0.41
CUST-2517,0.05
CUST-4836,0.49
CUST-2885,0.2
CUST-7281,0.56
CUST-6255,0.61
CUST-4539,0.22
CUST-5639,0.2
CUST-9459,0.12
CUST-3481,0.08
CUST-1277,0.37
CUST-3146,0.41
CUST-8262,0.08
CUST-3205,0.14
CUST-9892,0.74
CUST-2742,0.17
CUST-6076,0.29
CUST-4047,0.29
CUST-5731,0.52
CUST-2945,0.14
CUST-5790,0.69
CUST-6794,0.7
CUST-6543,0.87
CUST-10636,0.71
CUST-3574,0.26
CUST-7699,0.2
CUST-2515,0.58
CUST-3000,0.17
CUST-5820,0.03
CUST-8581,0.03
CUST-3684,0.27
CUST-2995,0.09
CUST-4252,0.27
CUST-3411,0.46
CUST-7962,0.65
CUST-6309,0.68
CUST-8611,0.46
CUST-5012,0.58
CUST-7750,0.55
CUST-5979,0.07
CUST-4048,0.77
CUST-4899,0.57
CUST-1318,0.81
CUST-9772,0.76
CUST-9137,0.54
CUST-7142,0.16
CUST-1897,0.59
CUST-7465,0.82
CUST-10548,0.24
CUST-2846,0.2
CUST-8207,0.31
CUST-10357,0.15
CUST-4436,0.32
CUST-9447,0.44
CUST-7234,0.78
CUST-5398,0.26
CUST-10086,0.74
CUST-1662,0.11
CUST-8970,0.4
CUST-5130,0.63
CUST-1488,0.03
CUST-8316,0.48
CUST-2707,0.14
CUST-1595,0.67
CUST-9277,0.26
CUST-2377,0.55
CUST-5140,0.06
CUST-6147,0.67
CUST-8241,0.61
CUST-3948,0.18
CUST-3933,0.17
CUST-4797,0.08
CUST-4372,0.55
CUST-9862,0.19
CUST-8242,0.31
CUST-3448,0.53
CUST-2943,0.5
CUST-2465,0.36
CUST-8582,0.52
CUST-5506,0.46
CUST-2698,0.4
CUST-2447,0.75
CUST-10017,0.05
CUST-2748,0.2
CUST-5399,0.34
CUST-8078,0.27
CUST-6871,0.36
CUST-4708,0.41
CUST-9476,0.35
CUST-10735,0.01
CUST-7477,0.49
CUST-2273,0.06
CUST-1923,0.48
CUST-1470,0.13
CUST-7934,0.07
CUST-7407,0.95
CUST-2406,0.44
CUST-1142,0.28
CUST-1747,0.68
CUST-5709,0.62
CUST-4975,0.1
CUST-7300,0.26
CUST-8148,0.06
CUST-2833,0.22
CUST-3131,0.19
CUST-1310,0.46
CUST-8650,0.54
CUST-6774,0.29
CUST-6756,0.64
CUST-10563,0.69
CUST-2701,0.03
CUST-2199,0.53
CUST-6196,0.36
CUST-8824,0.75
CUST-10950,0.38
CUST-5768,0.2
CUST-9947,0.69
CUST-9019,0.5
CUST-10675,0.17
CUST-10201,0.41
CUST-3149,0.44
CUST-10568,0.56
CUST-9334,0.83
CUST-7566,0.77
CUST-4582,0.72
CUST-5711,0.31
CUST-3284,0.21
CUST-7585,0.03
CUST-9646,0.8
CUST-1530,0.16
CUST-9685,0.16
CUST-10320,0.13
CUST-2474,0.46
CUST-8013,0.05
CUST-6475,0.12
CUST-6449,0.3
CUST-10217,0.2
CUST-2625,0.21
CUST-9786,0.71
CUST-7198,0.17
CUST-7692,0.13
CUST-2997,0.06
CUST-6440,0.96
CUST-4562,0.11
CUST-8614,0.1
CUST-1479,0.45
CUST-10925,0.04
CUST-3094,0.14
CUST-6182,0.57
CUST-4960,0.39
CUST-8492,0.29
CUST-1103,0.15
CUST-6081,0.36
CUST-9525,0.34
CUST-5190,0.97
CUST-4181,0.33
CUST-4467,0.71
CUST-1626,0.04
CUST-6717,0.01
CUST-3798,0.3
CUST-3053,0.16
CUST-2867,0.54
CUST-1432,0.3
CUST-7983,0.06
CUST-9346,0.52
CUST-9419,0.1
CUST-4076,0.13
CUST-10197,0.11
CUST-3555,0.46
CUST-7936,0.71
CUST-8421,0.05
CUST-1094,0.66
CUST-3773,0.24
CUST-4132,0.43
CUST-2335,0.04
CUST-6492,0.81
CUST-1482,0.1
CUST-10823,0.04
CUST-6088,0.18
CUST-6466,0.64
CUST-5676,0.32
CUST-2770,0.59
CUST-1805,0.44
CUST-7374,0.43
CUST-2114,0.62
CUST-4534,0.81
CUST-2531,0.06
CUST-8525,0.33
CUST-3470,0.55
CUST-1402,0.76
CUST-10774,0.28
CUST-3082,0.15
CUST-8024,0.63
CUST-7565,0.08
CUST-5529,0.74
CUST-7854,0.46
CUST-4932,0.07
CUST-5159,0.21
CUST-9715,0.15
CUST-3846,0.64
CUST-6483,0.21
CUST-10679,0.38
CUST-3034,0.96
CUST-10315,0.18
CUST-3351,0.49
CUST-2864,0.08
CUST-2167,0.33
CUST-6954,0.36
CUST-6209,0.51
CUST-2777,0.02
CUST-1441,0.06
CUST-5657,0.54
CUST-9657,0.22
CUST-3027,0.24
CUST-6117,0.31
CUST-2483,0.61
CUST-2882,0.69
CUST-5561,0.17
CUST-10693,0.65
CUST-6481,0.56
CUST-1616,0.37
CUST-1222,0.4
CUST-8664,0.02
CUST-6221,0.49
CUST-1576,0.58
CUST-9391,0.59
CUST-6350,0.19
CUST-3782,0.22
CUST-4374,0.56
CUST-10643,0.67
CUST-10462,0.06
CUST-2954,0.39
CUST-7537,0.27
CUST-6338,0.1
CUST-8922,0.28
CUST-7063,0.82
CUST-7162,0.53
CUST-7371,0.68
CUST-6828,0.38
CUST-3615,0.24
CUST-4656,0.12
CUST-6975,0.27
CUST-4350,0.74
CUST-10646,0.2
CUST-6478,0.85
CUST-9129,0.03
CUST-8204,0.56
CUST-9203,0.11
CUST-10647,0.38
CUST-9112,0.82
CUST-1245,0.13
CUST-9785,0.14
CUST-6848,0.75
CUST-5133,0.32
CUST-1065,0.4
CUST-3463,0.22
CUST-4394,0.01
CUST-4568,0.36
CUST-8803,0.17
CUST-8489,0.21
CUST-7701,0.07
CUST-10192,0.48
CUST-9767,0.04
CUST-6838,0.08
CUST-10918,0.26
CUST-10293,0.28
CUST-5396,0.02
CUST-5990,0.33
CUST-3172,0.69
CUST-10303,0.75
CUST-8305,0.56
CUST-2210,0.06
CUST-4271,0.24
CUST-6740,0.72
CUST-10211,0.05
CUST-5950,0.21
CUST-5737,0.69
CUST-7921,0.77
CUST-2348,0.28
CUST-2036,0.24
CUST-7484,0.26
CUST-6006,0.03
CUST-4553,0.07
CUST-8072,0.4
CUST-1458,0.11
CUST-3288,0.23
CUST-3064,0.47
CUST-9436,0.55
CUST-10703,0.02
CUST-6832,0.01
CUST-10791,0.05
CUST-8749,0.46
CUST-1263,0.17
CUST-4833,0.15
CUST-3894,0.18
CUST-6323,0.41
CUST-9212,0.04
CUST-7019,0.16
CUST-1220,0.36
CUST-1446,0.38
CUST-3184,0.53
CUST-10370,0.54
CUST-4344,0.06
CUST-3021,0.11
CUST-2303,0.2
CUST-6271,0.14
CUST-8280,0.71
CUST-6641,0.26
CUST-6955,0.15
CUST-2109,0.06
CUST-5351,0.29
CUST-9683,0.06
CUST-8343,0.27
CUST-4549,0.33
CUST-1880,0.3
CUST-5945,0.08
CUST-1737,0.51
CUST-7793,0.27
CUST-5212,0.14
CUST-3208,0.96
CUST-7082,0.47
CUST-2055,0.49
CUST-1688,0.44
CUST-4779,0.78
CUST-7475,0.43
CUST-7876,0.6
CUST-6749,0.29
CUST-8555,0.04
CUST-8122,0.4
CUST-6990,0.36
CUST-8266,0.59
CUST-8539,0.11
CUST-3392,0.6
CUST-6325,0.13
CUST-3528,0.08
CUST-4604,0.44
CUST-7023,0.33
CUST-6321,0.36
CUST-10677,0.05
CUST-10645,0.36
CUST-10344,0.94
CUST-8782,0.13
CUST-3011,0.27
CUST-8858,0.45
CUST-7152,0.39
CUST-8566,0.36
CUST-3497,0.34
CUST-3889,0.75
CUST-4484,0.25
CUST-4011,0.04
CUST-2619,0.05
CUST-6670,0.17
CUST-6512,0.12
CUST-3467,0.35
CUST-1313,0.07
CUST-8605,0.65
CUST-2069,0.15
CUST-2982,0.03
CUST-5914,0.42
CUST-9170,0.19
CUST-1285,0.14
CUST-8990,0.04
CUST-8429,0.94
CUST-1349,0.75
CUST-2611,0.38
CUST-9494,0.57
CUST-3668,0.16
CUST-2221,0.16
CUST-10388,0.08
CUST-10593,0.04
CUST-9913,0.02
CUST-3535,0.07
CUST-7736,0.8
CUST-3245,0.29
CUST-4740,0.62
CUST-9068,0.86
CUST-4099,0.59
CUST-4100,0.06
CUST-6959,0.59
CUST-10555,0.38
CUST-4288,0.02
CUST-8570,0.04
CUST-9712,0.79
CUST-1543,0.68
CUST-9535,0.14
CUST-3853,0.12
CUST-10503,0.03
CUST-6365,0.73
CUST-10464,0.24
CUST-3206,0.54
CUST-8084,0.17
CUST-10879,0.46
CUST-6043,0.11
CUST-6879,0.05
CUST-6775,0.11
CUST-3295,0.38
CUST-8701,0.82
CUST-3429,0.47
CUST-8870,0.45
CUST-6962,0.22
CUST-2088,0.1
CUST-8499,0.36
CUST-6162,0.19
CUST-3210,0.37
CUST-9200,0.12
CUST-6605,0.05
CUST-1109,0.68
CUST-5728,0.6
CUST-7829,0.03
CUST-10943,0.64
CUST-1194,0.12
CUST-4474,0.79
CUST-9874,0.24
CUST-2122,0.54
CUST-4982,0.63
CUST-8973,0.88
CUST-5700,0.3
CUST-10849,0.22
CUST-6101,0.08
CUST-4689,0.48
CUST-10358,0.1
CUST-4685,0.38
CUST-8776,0.92
CUST-9165,0.17
CUST-5980,0.08
CUST-9942,0.06
CUST-2191,0.47
CUST-1297,0.16
CUST-5044,0.7
CUST-1162,0.63
CUST-4254,0.91
CUST-6372,0.15
CUST-1527,0.12
CUST-4342,0.22
CUST-2030,0.9
CUST-3060,0.24
CUST-10052,0.58
CUST-2405,0.06
CUST-5006,0.43
CUST-6157,0.21
CUST-7375,0.2
CUST-4506,0.6
CUST-5214,0.1
CUST-6029,0.27
CUST-1780,0.14
CUST-5447,0.34
CUST-4606,0.7
CUST-6914,0.07
CUST-10614,0.04
CUST-3582,0.13
CUST-3653,0.38
CUST-7920,0.86
CUST-9499,0.33
CUST-2732,0.1
CUST-4787,0.15
CUST-2754,0.03
CUST-2337,0.25
CUST-3643,0.55
CUST-7737,0.45
CUST-5516,0.26
CUST-5246,0.46
CUST-10787,0.36
CUST-4447,0.05
CUST-5071,0.43
CUST-4881,0.12
CUST-9510,0.32
CUST-3002,0.08
CUST-2225,0.76
CUST-9056,0.51
CUST-4826,0.17
CUST-7621,0.32
CUST-9689,0.16
CUST-5500,0.04
CUST-9700,0.43
CUST-8478,0.09
CUST-5502,0.52
CUST-1210,0.96
CUST-9083,0.57
CUST-2288,0.31
CUST-2183,0.02
CUST-2862,0.71
CUST-6861,0.62
CUST-2362,0.5
CUST-8463,0.27
CUST-6332,0.08
CUST-4064,0.67
CUST-9546,0.65
CUST-10560,0.46
CUST-3281,0.14
CUST-5226,0.82
CUST-3397,0.8
CUST-3065,0.32
CUST-10696,0.54
CUST-7078,0.32
CUST-5279,0.11
CUST-4149,0.78
CUST-1144,0.39
CUST-4248,0.34
CUST-4110,0.74
CUST-1042,0.0
CUST-2932,0.08
CUST-4623,0.38
CUST-3813,0.2
CUST-6308,0.14
CUST-4341,0.58
CUST-5300,0.39
CUST-6804,0.24
CUST-3282,0.36
CUST-2574,0.33
CUST-7961,0.58
CUST-7879,0.05
CUST-10752,0.2
CUST-6486,0.4
CUST-7599,0.46
CUST-2540,0.03
CUST-5746,0.07
CUST-8526,0.36
CUST-9566,0.1
CUST-3742,0.14
CUST-7498,0.57
CUST-3524,0.83
CUST-10018,0.22
CUST-1915,0.55
CUST-6571,0.21
CUST-9018,0.11
CUST-2012,0.38
CUST-5405,0.57
CUST-1295,0.4
CUST-3745,0.5
CUST-10537,0.67
CUST-1406,0.67
CUST-10200,0.63
CUST-5617,0.31
CUST-6248,0.33
CUST-4418,0.61
CUST-1078,0.02
CUST-1783,0.59
CUST-7259,0.03
CUST-6856,0.46
CUST-1954,0.43
CUST-1746,0.2
CUST-3132,0.51
CUST-8036,0.63
CUST-8850,0.18
CUST-10903,0.14
CUST-6108,0.78
CUST-10663,0.39
CUST-6974,0.09
CUST-6273,0.74
CUST-6751,0.48
CUST-3509,0.45
CUST-3533,0.11
CUST-2513,0.5
CUST-5436,0.7
CUST-3625,0.01
CUST-10422,0.45
CUST-6755,0.31
CUST-6759,0.49
CUST-7991,0.72
CUST-10142,0.08
CUST-3960,0.1
CUST-8832,0.01
CUST-5470,0.05
CUST-10168,0.59
CUST-10910,0.54
CUST-9508,0.26
CUST-5623,0.66
CUST-10363,0.08
CUST-6240,0.19
CUST-8940,0.31
CUST-9932,0.49
CUST-7342,0.18
CUST-9832,0.07
CUST-8466,0.53
CUST-8756,0.34
CUST-7958,0.27
CUST-1250,0.03
CUST-3143,0.75
CUST-7430,0.12
CUST-10053,0.68
CUST-7855,0.39
CUST-1113,0.42
CUST-3057,0.72
CUST-9569,0.4
CUST-1328,0.18
CUST-4995,0.45
CUST-6682,0.88
CUST-2072,0.11
CUST-4793,0.37
CUST-6829,0.27
CUST-9629,0.73
CUST-8218,0.09
CUST-7567,0.49
CUST-5922,0.22
CUST-1550,0.73
CUST-10917,0.66
CUST-3755,0.39
CUST-8681,0.46
CUST-9342,0.43
CUST-8009,0.23
CUST-3860,0.39
CUST-3148,0.62
CUST-2519,0.48
CUST-3127,0.41
CUST-9084,0.19
CUST-5316,0.49
CUST-1195,0.06
CUST-9050,0.05
CUST-10799,0.05
CUST-6989,0.07
CUST-2487,0.15
CUST-2840,0.1
CUST-4329,0.29
CUST-2930,0.16
CUST-6424,0.53
CUST-2485,0.81
CUST-5747,0.03
CUST-10802,0.36
CUST-4914,0.05
CUST-6210,0.49
CUST-9578,0.27
CUST-10191,0.4
CUST-2275,0.18
CUST-2328,0.25
CUST-4950,0.25
CUST-3319,0.12
CUST-9834,0.66
CUST-4607,0.41
CUST-1438,0.64
CUST-10424,0.43
CUST-5466,0.05
CUST-3329,0.6
CUST-5828,0.67
CUST-8607,0.02
CUST-10632,0.74
CUST-7267,0.31
CUST-9144,0.04
CUST-8180,0.18
CUST-9938,0.54
CUST-1314,0.22
CUST-2301,0.35
CUST-2039,0.1
CUST-7108,0.48
CUST-3666,0.52
CUST-10830,0.24
CUST-10010,0.05
CUST-8583,0.37
CUST-6427,0.85
CUST-1536,0.15
CUST-10669,0.66
CUST-8201,0.35
CUST-8652,0.06
CUST-10411,0.23
CUST-4345,0.04
CUST-10842,0.62
CUST-6291,0.31
CUST-8281,0.37
CUST-8722,0.13
CUST-6473,0.83
CUST-10033,0.57
CUST-5770,0.16
CUST-2554,0.56
CUST-7632,0.81
CUST-9998,0.44
CUST-6620,0.42
CUST-10854,0.12
CUST-7398,0.03
CUST-6128,0.73
CUST-9829,0.18
CUST-2680,0.13
CUST-4354,0.65
CUST-3058,0.32
CUST-7880,0.73
CUST-10670,0.41
CUST-10489,0.11
CUST-3325,0.48
CUST-4239,0.52
CUST-1400,0.35
CUST-4046,0.13
CUST-5137,0.32
CUST-4229,0.22
CUST-4191,0.12
CUST-9142,0.16
CUST-5538,0.08
CUST-2692,0.03
CUST-5340,0.37
CUST-9917,0.05
CUST-7670,0.63
CUST-9173,0.74
CUST-1807,0.47
CUST-5111,0.62
CUST-3989,0.11
CUST-3455,0.46
CUST-2907,0.21
CUST-6651,0.16
CUST-8287,0.52
CUST-6244,0.54
CUST-2697,0.65
CUST-4016,0.58
CUST-4339,0.06
CUST-4645,0.57
CUST-7739,0.09
CUST-7091,0.48
CUST-4692,0.16
CUST-1739,0.35
CUST-5406,0.1
CUST-4588,0.07
CUST-3125,0.3
CUST-2157,0.85
CUST-5333,0.59
CUST-8636,0.26
CUST-1825,0.73
CUST-4230,0.59
CUST-3487,0.32
CUST-9053,0.59
CUST-9768,0.21
CUST-3647,0.28
CUST-5902,0.26
CUST-6385,0.46
CUST-5638,0.24
CUST-6423,0.48
CUST-7826,0.44
CUST-7743,0.03
CUST-3012,0.22
CUST-7671,0.26
CUST-9548,0.1
CUST-9977,0.36
CUST-3080,0.3
CUST-3520,0.4
CUST-4978,0.34
CUST-7619,0.23
CUST-4347,0.66
CUST-8440,0.25
CUST-1346,0.4
CUST-7087,0.49
CUST-8947,0.72
CUST-5651,0.06
CUST-8081,0.05
CUST-1791,0.81
CUST-7428,0.3
CUST-9579,0.08
CUST-9959,0.58
CUST-2270,0.32
CUST-9766,0.5
CUST-2955,0.48
CUST-3443,0.53
CUST-7735,0.12
CUST-10757,0.22
CUST-6498,0.46
CUST-2991,0.39
CUST-7792,0.13
CUST-2150,0.53
CUST-4022,0.75
CUST-7614,0.71
CUST-6123,0.02
CUST-3338,0.18
CUST-4343,0.08
CUST-4463,0.3
CUST-2375,0.16
CUST-9043,0.06
CUST-5570,0.79
CUST-8598,0.49
CUST-8503,0.46
CUST-8879,0.5
CUST-1886,0.49
CUST-1197,0.34
CUST-6426,0.29
CUST-8910,0.34
CUST-2935,0.5
CUST-6341,0.73
CUST-1429,0.69
CUST-6306,0.03
CUST-3649,0.3
CUST-1937,0.36
CUST-5171,0.09
CUST-7763,0.31
CUST-6392,0.7
CUST-1153,0.75
CUST-6249,0.5
CUST-7036,0.35
CUST-4228,0.55
CUST-4974,0.19
CUST-6400,0.19
CUST-3639,0.06
CUST-3971,0.74
CUST-9593,0.31
CUST-3375,0.44
CUST-2486,0.45
CUST-6953,0.76
CUST-1055,0.56
CUST-7443,0.1
CUST-5927,0.23
CUST-2453,0.17
CUST-3608,0.58
CUST-1483,0.8
CUST-4518,0.05
CUST-3037,0.11
CUST-9351,0.58
CUST-7691,0.17
CUST-4115,0.08
CUST-1426,0.16
CUST-10450,0.0
CUST-3352,0.34
CUST-8793,0.41
CUST-10689,0.55
CUST-10760,0.11
CUST-4326,0.04
CUST-2127,0.11
CUST-10929,0.07
CUST-8761,0.82
CUST-5613,0.59
CUST-5580,0.27
CUST-10960,0.08
CUST-9541,0.34
CUST-6855,0.45
CUST-7348,0.03
CUST-9044,0.18
CUST-2128,0.74
CUST-2766,0.29
CUST-2108,0.02
CUST-3616,0.22
CUST-1544,0.26
CUST-6913,0.52
CUST-1718,0.74
CUST-7434,0.61
CUST-7364,0.34
CUST-6234,0.12
CUST-10658,0.62
CUST-6672,0.05
CUST-8028,0.27
CUST-5491,0.84
CUST-1127,0.46
CUST-2956,0.01
CUST-5155,0.91
CUST-4816,0.04
CUST-6201,0.14
CUST-6223,0.03
CUST-8685,0.56
CUST-7113,0.82
CUST-5274,0.66
CUST-8535,0.09
CUST-3043,0.29
CUST-6911,0.83
CUST-10135,0.61
CUST-7573,0.24
CUST-4205,0.4
CUST-5492,0.6
CUST-2689,0.59
CUST-4220,0.03
CUST-9101,0.67
CUST-10764,0.26
CUST-8136,0.44
CUST-6437,0.69
CUST-9699,0.38
CUST-6199,0.03
CUST-2794,0.07
CUST-7625,0.58
CUST-8474,0.7
CUST-7889,0.73
CUST-6607,0.7
CUST-9194,0.71
CUST-8247,0.05
CUST-1392,0.23
CUST-1921,0.95
CUST-7018,0.39
CUST-3621,0.41
CUST-4848,0.3
CUST-2291,0.51
CUST-2133,0.53
CUST-1050,0.65
CUST-1740,0.48
CUST-5289,0.11
CUST-1817,0.61
CUST-4698,0.66
CUST-5181,0.28
CUST-3018,0.2
CUST-10015,0.88
CUST-1770,0.43
CUST-1888,0.05
CUST-2152,0.15
CUST-1642,0.23
CUST-7846,0.24
CUST-4193,0.35
CUST-9432,0.08
CUST-8898,0.69
CUST-10484,0.37
CUST-1012,0.09
CUST-7722,0.54
CUST-8458,0.76
CUST-10876,0.69
CUST-8719,0.01
CUST-6412,0.11
CUST-8285,0.17
CUST-7853,0.3
CUST-10995,0.59
CUST-6929,0.72
CUST-9254,0.75
CUST-1561,0.09
CUST-1670,0.4
CUST-6087,0.07
CUST-6669,0.2
CUST-5933,0.19
CUST-8829,0.13
CUST-7945,0.08
CUST-3508,0.56
CUST-2002,0.6
CUST-5866,0.59
CUST-10152,0.47
CUST-2588,0.63
CUST-5905,0.66
CUST-9529,0.04
CUST-6384,0.36
CUST-7824,0.21
CUST-9779,0.49
CUST-4629,0.2
CUST-8560,0.08
CUST-9291,0.05
CUST-6874,0.36
CUST-6521,0.33
CUST-8979,0.01
CUST-6647,0.6
CUST-9825,0.69
CUST-10190,0.17
CUST-5278,0.03
CUST-1919,0.69
CUST-10652,0.03
CUST-4868,0.14
CUST-7834,0.85
CUST-1298,0.02
CUST-9193,0.13
CUST-4617,0.56
CUST-3128,0.03
CUST-9795,0.38
CUST-3979,0.43
CUST-9924,0.48
CUST-8317,0.04
CUST-4393,0.42
CUST-1287,0.3
CUST-4355,0.56
CUST-7013,0.51
CUST-3885,0.02
CUST-5749,0.55
CUST-9169,0.03
CUST-2407,0.19
CUST-2013,0.08
CUST-5153,0.86
CUST-8551,0.21
CUST-4376,0.36
CUST-8822,0.52
CUST-4273,0.35
CUST-5825,0.18
CUST-6699,0.38
CUST-7243,0.65
CUST-10408,0.48
CUST-2227,0.32
CUST-5756,0.25
CUST-10736,0.27
CUST-4180,0.09
CUST-9000,0.5
CUST-5438,0.02
CUST-7533,0.25
CUST-6369,0.23
CUST-8416,0.67
CUST-1477,0.35
CUST-1790,0.28
CUST-2008,0.05
CUST-1062,0.21
CUST-2816,0.4
CUST-9431,0.37
CUST-3774,0.49
CUST-6495,0.91
CUST-8878,0.49
CUST-7361,0.62
CUST-8366,0.48
CUST-7474,0.7
CUST-10041,0.77
CUST-10027,0.81
CUST-8250,0.3
CUST-6935,0.34
CUST-1468,0.31
CUST-1665,0.16
CUST-1416,0.27
CUST-6480,0.24
CUST-4852,0.8
CUST-2470,0.13
CUST-4373,0.91
CUST-8524,0.23
CUST-1039,0.03
CUST-5244,0.45
CUST-2119,0.14
CUST-1035,0.7
CUST-1945,0.96
CUST-4224,0.73
CUST-1043,0.55
CUST-2129,0.09
CUST-6556,0.22
CUST-6998,0.58
CUST-10959,0.2
CUST-3274,0.08
CUST-4961,0.29
CUST-5363,0.25
CUST-5816,0.61
CUST-10737,0.11
CUST-4573,0.14
CUST-6137,0.67
CUST-2388,0.5
CUST-9648,0.23
CUST-6225,0.07
CUST-10100,0.79
CUST-8909,0.68
CUST-1745,0.56
CUST-7851,0.65
CUST-1452,0.36
CUST-1029,0.46
CUST-8593,0.25
CUST-3333,0.84
CUST-1922,0.62
CUST-5865,0.1
CUST-9528,0.46
CUST-3685,0.6
CUST-4275,0.14
CUST-4889,0.06
CUST-5225,0.53
CUST-7472,0.2
CUST-3605,0.51
CUST-10956,0.05
CUST-4156,0.32
CUST-9676,0.08
CUST-1009,0.06
CUST-7508,0.67
CUST-1456,0.04
CUST-7688,0.13
CUST-4004,0.4
CUST-6866,0.35
CUST-4509,0.36
CUST-3299,0.55
CUST-3799,0.5
CUST-4281,0.11
CUST-9051,0.61
CUST-6462,0.48
CUST-7912,0.05
CUST-1414,0.85
CUST-10490,0.27
CUST-5815,0.05
CUST-8199,0.4
CUST-3680,0.09
CUST-10685,0.6
CUST-4196,0.05
CUST-2650,0.38
CUST-4522,0.65
CUST-9519,0.06
CUST-3118,0.45
CUST-3728,0.2
CUST-3886,0.79
CUST-7107,0.61
CUST-8068,0.25
CUST-7325,0.42
CUST-8483,0.26
CUST-8767,0.51
CUST-6500,0.09
CUST-8426,0.09
CUST-7963,0.54
CUST-10546,0.08
CUST-9249,0.1
CUST-8919,0.38
CUST-6814,0.07
CUST-5411,0.15
CUST-8747,0.73
CUST-5522,0.19
CUST-10949,0.15
CUST-7334,0.3
CUST-1557,0.56
CUST-3739,0.16
CUST-3522,0.46
CUST-10163,0.89
CUST-2115,0.41
CUST-1699,0.73
CUST-1379,0.15
CUST-7229,0.12
CUST-9143,0.15
CUST-10561,0.52
CUST-3181,0.85
CUST-9851,0.48
CUST-1600,0.39
CUST-5963,0.46
CUST-1615,0.1
CUST-5920,0.12
CUST-9591,0.23
CUST-3891,0.52
CUST-2083,0.02
CUST-4574,0.04
CUST-5594,0.21
CUST-5121,0.84
CUST-4587,0.54
CUST-4902,0.18
CUST-8252,0.34
CUST-5916,0.65
CUST-5129,0.14
CUST-8334,0.59
CUST-1918,0.38
CUST-8330,0.26
CUST-5707,0.29
CUST-5384,0.61
CUST-6336,0.19
CUST-2054,0.34
CUST-7612,0.07
CUST-9209,0.35
CUST-3963,0.08
CUST-1126,0.85
CUST-3428,0.69
CUST-4601,0.81
CUST-3721,0.58
CUST-2389,0.1
CUST-1322,0.45
CUST-1603,0.24
CUST-7224,0.77
CUST-7425,0.13
CUST-4336,0.68
CUST-5593,0.09
CUST-4411,0.45
CUST-5858,0.39
CUST-9343,0.26
CUST-3991,0.67
CUST-6079,0.46
CUST-1559,0.06
CUST-4682,0.28
CUST-7557,0.06
CUST-3772,0.16
CUST-8779,0.27
CUST-3457,0.06
CUST-8383,0.06
CUST-1354,0.15
CUST-10040,0.29
CUST-9872,0.18
CUST-1068,0.23
CUST-7917,0.18
CUST-4241,0.05
CUST-5628,0.3
CUST-4657,0.67
CUST-4238,0.19
CUST-3460,0.34
CUST-7381,0.36
CUST-5549,0.2
CUST-7075,0.49
CUST-5838,0.58
CUST-8091,0.85
CUST-5474,0.14
CUST-3614,0.04
CUST-7501,0.06
CUST-7053,0.25
CUST-7367,0.4
CUST-8019,0.52
CUST-9638,0.73
CUST-9055,0.13
CUST-10603,0.71
CUST-2319,0.91
CUST-3542,0.41
CUST-3677,0.55
CUST-9599,0.17
CUST-3091,0.02
CUST-10613,0.87
CUST-8676,0.5
CUST-4884,0.66
CUST-8079,0.07
CUST-1962,0.2
CUST-1840,0.56
CUST-7168,0.67
CUST-9898,0.06
CUST-3538,0.75
CUST-8026,0.42
CUST-4866,0.17
CUST-4174,0.02
CUST-8088,0.14
CUST-4377,0.49
CUST-6211,0.31
CUST-4766,0.21
CUST-10373,0.58
CUST-10557,0.49
CUST-6126,0.77
CUST-5210,0.08
CUST-1430,0.21
CUST-2425,0.65
CUST-8841,0.05
CUST-3833,0.65
CUST-4718,0.86
CUST-7185,0.52
CUST-1417,0.78
CUST-7199,0.17
CUST-10549,0.52
CUST-1272,0.02
CUST-3964,0.02
CUST-6367,0.37
CUST-8746,0.66
CUST-10224,0.3
CUST-9226,0.12
CUST-1982,0.1
CUST-2835,0.17
CUST-5375,0.26
CUST-10180,0.15
CUST-10440,0.06
CUST-6083,0.52
CUST-8956,0.47
CUST-10413,0.54
CUST-9798,0.44
CUST-8826,0.73
CUST-6515,0.72
CUST-1721,0.31
CUST-7050,0.88
CUST-6382,0.9
CUST-8165,0.35
CUST-5767,0.86
CUST-5809,0.14
CUST-4626,0.53
CUST-10783,0.84
CUST-2094,0.19
CUST-10860,0.67
CUST-5641,0.49
CUST-1444,0.72
CUST-1280,0.17
CUST-3110,0.97
CUST-8952,0.35
CUST-7609,0.42
CUST-5135,0.33
CUST-3016,0.66
CUST-2302,0.07
CUST-2004,0.05
CUST-4580,0.33
CUST-8704,0.7
CUST-10913,0.1
CUST-5138,0.24
CUST-4317,0.75
CUST-6558,0.09
CUST-4387,0.17
CUST-2132,0.21
CUST-4265,0.08
CUST-2057,0.67
CUST-5386,0.12
CUST-10208,0.62
CUST-2889,0.18
CUST-4472,0.33
CUST-6064,0.14
CUST-7924,0.2
CUST-7649,0.59
CUST-8381,0.09
CUST-1019,0.65
CUST-2758,0.07
CUST-8471,0.02
CUST-2948,0.68
CUST-7116,0.52
CUST-6330,0.53
CUST-1728,0.51
CUST-4176,0.75
CUST-10306,0.5
CUST-4984,0.22
CUST-6878,0.71
CUST-7248,0.52
CUST-8452,0.25
CUST-1226,0.06
CUST-7608,0.08
CUST-6827,0.36
CUST-3540,0.32
CUST-5868,0.1
CUST-2111,0.35
CUST-2691,0.73
CUST-7153,0.04
CUST-3707,0.17
CUST-10924,0.77
CUST-8511,0.67
CUST-2807,0.32
CUST-5015,0.13
CUST-1928,0.33
CUST-10318,0.38
CUST-5173,0.15
CUST-4192,0.39
CUST-1934,0.68
CUST-6901,0.4
CUST-4823,0.56
CUST-10512,0.67
CUST-1582,0.76
CUST-4694,0.27
CUST-2175,0.24
CUST-7028,0.14
CUST-4880,0.72
CUST-2228,0.34
CUST-1115,0.28
CUST-3126,0.27
CUST-3544,0.03
CUST-5048,0.6
CUST-7476,0.54
CUST-10746,0.68
CUST-6532,0.17
CUST-2272,0.6
CUST-5545,0.65
CUST-10073,0.18
CUST-1323,0.22
CUST-9405,0.18
CUST-1614,0.42
CUST-10755,0.12
CUST-3883,0.4
CUST-8641,0.19
CUST-4464,0.23
CUST-5339,0.21
CUST-8066,0.4
CUST-1649,0.56
CUST-4065,0.57
CUST-9665,0.15
CUST-3038,0.65
CUST-3320,0.05
CUST-7143,0.26
CUST-6889,0.36
CUST-5092,0.07
CUST-3720,0.02
CUST-2423,0.37
CUST-10680,0.0
CUST-5271,0.4
CUST-2373,0.07
CUST-4693,0.13
CUST-9879,0.62
CUST-8370,0.3
CUST-7319,0.1
CUST-4368,0.49
CUST-6785,0.62
CUST-7401,0.19
CUST-1139,0.06
CUST-7631,0.43
CUST-2231,0.18
CUST-2164,0.58
CUST-5217,0.58
CUST-9444,0.35
CUST-9237,0.91
CUST-4561,0.27
CUST-1570,0.5
CUST-10156,0.66
CUST-7163,0.25
CUST-2087,0.68
CUST-4667,0.5
CUST-4565,0.04
CUST-7089,0.38
CUST-6569,0.31
CUST-4783,0.83
CUST-2684,0.1
CUST-1832,0.05
CUST-8546,0.36
CUST-5065,0.48
CUST-9130,0.51
CUST-9355,0.1
CUST-4412,0.44
CUST-7207,0.45
CUST-9890,0.75
CUST-10758,0.01
CUST-6821,0.32
CUST-3781,0.17
CUST-9012,0.5
CUST-7499,0.64
CUST-3424,0.53
CUST-10059,0.2
CUST-2963,0.79
CUST-5669,0.27
CUST-8962,0.03
CUST-10321,0.04
CUST-8171,0.41
CUST-4030,0.16
CUST-8534,0.16
CUST-3651,0.38
CUST-6739,0.61
CUST-3297,0.36
CUST-4127,0.17
CUST-8043,0.32
CUST-4767,0.49
CUST-10429,0.67
CUST-3761,0.07
CUST-8617,0.55
CUST-3566,0.49
CUST-2760,0.1
CUST-10789,0.87
CUST-9382,0.9
CUST-8688,0.6
CUST-4052,0.25
CUST-6130,0.03
CUST-3244,0.51
CUST-4842,0.4
CUST-9330,0.32
CUST-5640,0.01
CUST-5780,0.23
CUST-8540,0.09
CUST-10977,0.09
CUST-2957,0.38
CUST-6752,0.43
CUST-8657,0.08
CUST-7272,0.7
CUST-4759,0.28
CUST-4862,0.32
CUST-7025,0.59
CUST-7647,0.21
CUST-7161,0.08
CUST-10066,0.88
CUST-4901,0.33
CUST-4375,0.73
CUST-6698,0.69
CUST-9805,0.77
CUST-1101,0.4
CUST-9537,0.73
CUST-7655,0.41
CUST-5235,0.73
CUST-5165,0.28
CUST-10107,0.41
CUST-2022,0.11
CUST-9885,0.46
CUST-2638,0.81
CUST-2034,0.59
CUST-2564,0.28
CUST-8665,0.19
CUST-3543,0.4
CUST-1219,0.63
CUST-9714,0.01
CUST-6711,0.79
CUST-2903,0.43
CUST-3026,0.61
CUST-2510,0.0
CUST-4201,0.01
CUST-3207,0.67
CUST-4489,0.56
CUST-2755,0.46
CUST-8889,0.04
CUST-10160,0.05
CUST-1643,0.33
CUST-9292,0.32
CUST-3518,0.1
CUST-1374,0.15
CUST-1720,0.39
CUST-3995,0.25
CUST-3688,0.75
CUST-2264,0.39
CUST-10079,0.01
CUST-2848,0.61
CUST-8687,0.42
CUST-10366,0.78
CUST-9900,0.41
CUST-4077,0.01
CUST-6835,0.23
CUST-6537,0.64
CUST-2456,0.05
CUST-2751,0.08
CUST-2214,0.08
CUST-10933,0.46
CUST-9703,0.61
CUST-1421,0.06
CUST-2436,0.09
CUST-4277,0.93
CUST-9609,0.49
CUST-1278,0.71
CUST-6220,0.0
CUST-4907,0.31
CUST-5064,0.68
CUST-1978,0.24
CUST-10964,0.6
CUST-5014,0.05
CUST-4535,0.05
CUST-6993,0.06
CUST-9253,0.18
CUST-1502,0.47
CUST-8568,0.56
CUST-9314,0.68
CUST-8836,0.07
CUST-8920,0.27
CUST-4918,0.5
CUST-10616,0.64
CUST-5076,0.22
CUST-8064,0.31
CUST-7568,0.12
CUST-10092,0.65
CUST-1087,0.48
CUST-8556,0.05
CUST-3785,0.44
CUST-9630,0.14
CUST-7173,0.09
CUST-4043,0.2
CUST-2648,0.45
CUST-6000,0.78
CUST-7927,0.38
CUST-2826,0.14
CUST-4094,0.73
CUST-7774,0.5
CUST-9258,0.02
CUST-8113,0.13
CUST-4772,0.59
CUST-1947,0.3
CUST-6109,0.13
CUST-2299,0.17
CUST-7844,0.9
CUST-4382,0.69
CUST-5425,0.48
CUST-6771,0.8
CUST-8578,0.58
CUST-4291,0.33
CUST-1048,0.62
CUST-1233,0.21
CUST-10708,0.5
CUST-5859,0.1
CUST-3059,0.13
CUST-8587,0.1
CUST-1860,0.03
CUST-8438,0.46
CUST-7403,0.86
CUST-4639,0.21
CUST-4250,0.68
CUST-1992,0.66
CUST-7379,0.41
CUST-7305,0.09
CUST-5303,0.16
CUST-8192,0.7
CUST-7447,0.04
CUST-2471,0.03
CUST-7197,0.23
CUST-5312,0.39
CUST-9035,0.07
CUST-1396,0.11
CUST-4002,0.36
CUST-5371,0.37
CUST-3235,0.13
CUST-10947,0.27
CUST-3298,0.36
CUST-7256,0.1
CUST-10233,0.26
CUST-7286,0.54
CUST-8616,0.04
CUST-7816,0.12
CUST-5843,0.72
CUST-2089,0.2
CUST-7702,0.58
CUST-10457,0.6
CUST-5265,0.36
CUST-8814,0.27
CUST-1345,0.14
CUST-8455,0.46
CUST-5046,0.68
CUST-2248,0.44
CUST-4981,0.71
CUST-10338,0.14
CUST-8454,0.1
CUST-3370,0.48
CUST-2006,0.14
CUST-3656,0.1
CUST-8327,0.49
CUST-7521,0.29
CUST-4001,0.18
CUST-6072,0.18
CUST-8736,0.94
CUST-10906,0.33
CUST-8179,0.47
CUST-3290,0.29
CUST-1176,0.4
CUST-10500,0.39
CUST-10676,0.35
CUST-7223,0.31
CUST-4554,0.41
CUST-2859,0.09
CUST-8820,0.2
CUST-3459,0.42
CUST-2724,0.49
CUST-6847,0.03
CUST-7615,0.74
CUST-7547,0.49
CUST-9174,0.3
CUST-6393,0.89
CUST-5358,0.45
CUST-9488,0.25
CUST-2968,0.13
CUST-1063,0.24
CUST-2533,0.25
CUST-6399,0.12
CUST-10892,0.07
CUST-5364,0.59
CUST-10071,0.45
CUST-4053,0.12
CUST-6258,0.13
CUST-9576,0.22
CUST-9025,0.3
CUST-3107,0.65
CUST-3601,0.28
CUST-6073,0.43
CUST-8126,0.04
CUST-2142,0.39
CUST-6310,0.23
CUST-2268,0.48
CUST-10404,0.08
CUST-4883,0.74
CUST-4466,0.1
CUST-9026,0.59
CUST-6632,0.08
CUST-3316,0.17
CUST-1701,0.06
CUST-2526,0.58
CUST-10061,0.31
CUST-1168,0.52
CUST-10043,0.01
CUST-10957,0.05
CUST-4029,0.62
CUST-1080,0.06
CUST-2651,0.23
CUST-7759,0.45
CUST-2439,0.19
CUST-4924,0.76
CUST-1467,0.38
CUST-7292,0.25
CUST-5035,0.12
CUST-2441,0.49
CUST-6554,0.26
CUST-10209,0.1
CUST-1320,0.2
CUST-10037,0.56
CUST-10706,0.56
CUST-8950,0.14
CUST-8404,0.93
CUST-1729,0.82
CUST-3910,0.23
CUST-10526,0.76
CUST-9941,0.96
CUST-5839,0.42
CUST-8271,0.32
CUST-7275,0.41
CUST-1491,0.66
CUST-9109,0.5
CUST-5610,0.16
CUST-10055,0.59
CUST-5471,0.23
CUST-3905,0.59
CUST-6531,0.14
CUST-10365,0.12
CUST-10301,0.65
CUST-2084,0.18
CUST-9557,0.18
CUST-10149,0.1
CUST-4379,0.66
CUST-2715,0.04
CUST-8923,0.3
CUST-7346,0.64
CUST-5453,0.05
CUST-7046,0.08
CUST-1334,0.53
CUST-8698,0.41
CUST-1659,0.19
CUST-3578,0.35
CUST-10684,0.2
CUST-6584,0.64
CUST-10641,0.58
CUST-3014,0.39
CUST-8558,0.39
CUST-9875,0.94
CUST-9582,0.15
CUST-8928,0.5
CUST-9556,0.02
CUST-8983,0.0
CUST-1834,0.16
CUST-2996,0.81
CUST-5427,0.46
CUST-3879,0.54
CUST-7156,0.3
CUST-5081,0.61
CUST-9114,0.33
CUST-7244,0.43
CUST-5400,0.82
CUST-5395,0.11
CUST-9427,0.48
CUST-2246,0.52
CUST-10759,0.4
CUST-8394,0.17
CUST-9042,0.18
CUST-10392,0.73
CUST-3378,0.61
CUST-6817,0.61
CUST-8131,0.34
CUST-9621,0.25
CUST-6066,0.04
CUST-1193,0.68
CUST-6934,0.05
CUST-5461,0.29
CUST-3071,0.19
CUST-3044,0.37
CUST-3263,0.21
CUST-2729,0.42
CUST-3433,0.39
CUST-10393,0.41
CUST-3272,0.55
CUST-7001,0.55
CUST-9726,0.09
CUST-10094,0.53
CUST-3315,0.97
CUST-1656,0.15
CUST-1533,0.16
CUST-4680,0.08
CUST-8813,0.25
CUST-9002,0.08
CUST-6622,0.48
CUST-1443,0.03
CUST-10194,0.38
CUST-5356,0.68
CUST-9218,0.12
CUST-6322,0.9
CUST-4989,0.21
CUST-1419,0.43
CUST-9516,0.17
CUST-8606,0.14
CUST-10164,0.36
CUST-4352,0.54
CUST-8700,0.68
CUST-2446,0.42
CUST-5321,0.6
CUST-8045,0.48
CUST-5684,0.67
CUST-3532,0.3
CUST-8244,0.5
CUST-7976,0.38
CUST-3698,0.48
CUST-10063,0.85
CUST-10494,0.32
CUST-1204,0.29
CUST-3078,0.48
CUST-9106,0.47
CUST-9120,0.04
CUST-9680,0.26
CUST-6180,0.08
CUST-8329,0.5
CUST-4284,0.03
CUST-4007,0.19
CUST-8713,0.37
CUST-10797,0.03
CUST-8060,0.46
CUST-10178,0.85
CUST-9746,0.12
CUST-4010,0.25
CUST-9962,0.52
CUST-2571,0.55
CUST-3753,0.55
CUST-9247,0.01
CUST-8628,0.29
CUST-9368,0.42
CUST-6159,0.65
CUST-4791,0.5
CUST-5337,0.12
CUST-3024,0.45
CUST-2718,0.13
CUST-8655,0.19
CUST-6916,0.04
CUST-3984,0.14
CUST-7308,0.26
CUST-5953,0.17
CUST-3844,0.37
CUST-2682,0.3
CUST-4024,0.3
CUST-8715,0.48
CUST-3139,0.16
CUST-4237,0.09
CUST-10198,0.81
CUST-6618,0.41
CUST-9606,0.11
CUST-5268,0.61
CUST-2543,0.16
CUST-2870,0.63
CUST-1244,0.19
CUST-10381,0.49
CUST-6227,0.67
CUST-2058,0.74
CUST-8493,0.06
CUST-6434,0.21
CUST-3422,0.57
CUST-4510,0.36
CUST-1166,0.76
CUST-10230,0.66
CUST-10377,0.14
CUST-9175,0.68
CUST-3469,0.17
CUST-3050,0.13
CUST-1069,0.61
CUST-1385,0.78
CUST-10594,0.55
CUST-1201,0.76
CUST-2413,0.46
CUST-5579,0.7
CUST-5993,0.42
CUST-5294,0.81
CUST-3055,0.34
CUST-2830,0.04
CUST-2970,0.3
CUST-10298,0.09
CUST-4270,0.81
CUST-5994,0.23
CUST-4392,0.13
CUST-2063,0.03
CUST-8301,0.76
CUST-9013,0.18
CUST-9329,0.19
CUST-5169,0.27
CUST-4429,0.51
CUST-1281,0.26
CUST-3381,0.57
CUST-2636,0.12
CUST-3328,0.12
CUST-6436,0.52
CUST-5018,0.36
CUST-7324,0.61
CUST-3795,0.16
CUST-2663,0.84
CUST-8282,0.79
CUST-1282,0.23
CUST-4148,0.27
CUST-1362,0.81
CUST-1437,0.09
CUST-9628,0.62
CUST-3441,0.05
CUST-10050,0.41
CUST-4597,0.06
CUST-8479,0.01
CUST-5365,0.4
CUST-1844,0.23
CUST-5515,0.29
CUST-8573,0.14
CUST-6263,0.12
CUST-2880,0.53
CUST-1743,0.58
CUST-8398,0.51
CUST-4169,0.24
CUST-5197,0.37
CUST-8993,0.05
CUST-10672,0.29
CUST-9066,0.42
CUST-1624,0.05
CUST-10476,0.55
CUST-7999,0.44
CUST-4419,0.58
CUST-5426,0.9
CUST-6689,0.16
CUST-7382,0.21
CUST-10395,0.14
CUST-2960,0.5
CUST-1028,0.92
CUST-1565,0.21
CUST-2631,0.03
CUST-5597,0.68
CUST-9477,0.65
CUST-10364,0.44
CUST-3826,0.07
CUST-10800,0.29
CUST-3997,0.33
CUST-7118,0.7
CUST-3265,0.08
CUST-8406,0.24
CUST-5009,0.38
CUST-5736,0.1
CUST-5554,0.16
CUST-10261,0.22
CUST-5564,0.06
CUST-8324,0.13
CUST-2623,0.17
CUST-8859,0.2
CUST-10432,0.01
CUST-8591,0.05
CUST-9713,0.82
CUST-6522,0.62
CUST-3111,0.08
CUST-9470,0.08
CUST-1067,0.89
CUST-3133,0.48
CUST-8047,0.6
CUST-6551,0.24
CUST-5407,0.11
CUST-5563,0.57
CUST-5328,0.19
CUST-6718,0.17
CUST-5118,0.42
CUST-4619,0.07
CUST-3689,0.28
CUST-7716,0.43
CUST-1839,0.42
CUST-1995,0.25
CUST-2399,0.12
CUST-6510,0.22
CUST-9356,0.68
CUST-4119,0.3
CUST-5894,0.14
CUST-10727,0.46
CUST-8423,0.35
CUST-7680,0.08
CUST-1405,0.02
CUST-5431,0.05
CUST-10062,0.57
CUST-9543,0.59
CUST-2759,0.2
CUST-8294,0.36
CUST-1586,0.4
CUST-6666,0.84
CUST-8014,0.97
CUST-10976,0.27
CUST-3063,0.14
CUST-6487,0.65
CUST-4705,0.67
